x,y,z,t,pos,HCP0.5,PRP0.6,HCP1.0,PRP1.1,HCP2.0,PRP2.1,HCP0.5_inph,PRP0.6_inph,HCP1.0_inph,PRP1.1_inph,HCP2.0_inph,PRP2.1_inph
553882.4806,5645517.784,26.518,43026.14,0,31.13398235,16.69457786,55.72120368,34.91049649,56.39348424,52.00179961,0.882913425,0.796558379,0.872464714,0.05770407,1.232942597,-2.793941949
553882.5463,5645517.706,26.518,43026.04,0.101982792,31.13398235,16.69457786,55.62120368,34.71049649,56.39348424,51.70179961,0.882913425,0.796558379,0.872464714,0.06770407,1.232942597,-2.773941949
553882.67,5645517.551,26.528,43025.9,0.300292374,30.93398235,16.69457786,55.42120368,34.41049649,55.89348424,51.50179961,0.882913425,0.796558379,0.872464714,0.07770407,1.182942597,-2.723941949
553882.7072,5645517.503,26.538,43025.84,0.361019963,30.93398235,16.69457786,55.12120368,34.41049649,55.89348424,51.20179961,0.882913425,0.796558379,0.872464714,0.07770407,1.182942597,-2.663941949
553882.7911,5645517.394,26.538,43025.73,0.498570716,30.73398235,16.59457786,54.82120368,33.81049649,55.89348424,50.80179961,0.882913425,0.796558379,0.872464714,0.05770407,1.182942597,-2.623941949
553882.8919,5645517.258,26.547,43025.63,0.667853438,30.63398235,16.49457786,54.62120368,33.61049649,55.79348424,50.40179961,0.882913425,0.796558379,0.872464714,0.04770407,1.212942597,-2.603941949
553882.931,5645517.204,26.547,43025.55,0.734522847,30.63398235,16.49457786,54.62120368,33.41049649,55.89348424,50.00179961,0.882913425,0.796558379,0.872464714,0.03770407,1.222942597,-2.593941949
553882.989,5645517.124,26.558,43025.47,0.833335802,30.63398235,16.39457786,54.72120368,33.41049649,56.09348424,50.00179961,0.882913425,0.786558379,0.882464714,0.03770407,1.222942597,-2.593941949
553883.0794,5645516.998,26.558,43025.39,0.988410494,30.53398235,16.29457786,54.82120368,33.21049649,56.19348424,49.80179961,0.882913425,0.786558379,0.882464714,0.02770407,1.212942597,-2.663941949
553883.1555,5645516.891,26.568,43025.32,1.119712474,30.43398235,16.19457786,55.02120368,33.11049649,56.39348424,49.90179961,0.882913425,0.796558379,0.882464714,0.02770407,1.212942597,-2.713941949
553883.2315,5645516.782,26.568,43025.25,1.252592119,30.13398235,16.19457786,55.12120368,33.11049649,56.59348424,50.00179961,0.882913425,0.796558379,0.882464714,0.03770407,1.212942597,-2.753941949
553883.3086,5645516.669,26.579,43025.18,1.389389085,29.83398235,16.19457786,54.82120368,33.01049649,56.89348424,49.90179961,0.882913425,0.796558379,0.872464714,0.03770407,1.212942597,-2.773941949
553883.3736,5645516.574,26.579,43025.12,1.504497729,29.43398235,16.09457786,54.22120368,33.01049649,56.89348424,49.70179961,0.882913425,0.796558379,0.872464714,0.03770407,1.212942597,-2.773941949
553883.4276,5645516.494,26.589,43025.07,1.601017157,29.13398235,15.89457786,53.72120368,32.81049649,56.89348424,49.70179961,0.882913425,0.796558379,0.872464714,0.03770407,1.222942597,-2.773941949
553883.482,5645516.412,26.589,43025.02,1.699421222,29.13398235,15.69457786,53.62120368,32.51049649,56.79348424,49.60179961,0.882913425,0.796558379,0.872464714,0.03770407,1.222942597,-2.763941949
553883.5709,5645516.279,26.599,43024.94,1.859396876,29.13398235,15.49457786,54.12120368,32.31049649,56.59348424,49.50179961,0.882913425,0.796558379,0.872464714,0.02770407,1.222942597,-2.743941949
553883.6284,5645516.191,26.607,43024.89,1.964517046,29.13398235,15.29457786,54.42120368,32.11049649,56.39348424,49.40179961,0.882913425,0.796558379,0.882464714,0.02770407,1.232942597,-2.733941949
553883.6759,5645516.119,26.607,43024.85,2.05077393,29.13398235,15.29457786,54.32120368,31.91049649,56.39348424,49.30179961,0.882913425,0.796558379,0.872464714,0.03770407,1.232942597,-2.723941949
553883.7124,5645516.063,26.607,43024.82,2.117618899,29.13398235,15.29457786,54.12120368,31.71049649,56.69348424,49.30179961,0.882913425,0.796558379,0.872464714,0.03770407,1.242942597,-2.723941949
553883.9454,5645515.702,26.626,43024.65,2.547281558,29.13398235,15.29457786,54.12120368,31.61049649,56.89348424,49.30179961,0.882913425,0.796558379,0.872464714,0.03770407,1.242942597,-2.733941949
553884.5491,5645514.764,26.6823217,43024.13,3.662762481,29.13398235,15.09457786,54.12120368,31.61049649,56.39348424,49.60179961,0.882913425,0.796558379,0.872464714,0.04770407,1.212942597,-2.653941949
553884.6291,5645514.642,26.6969528,43024.06,3.808652851,29.23398235,15.09457786,54.12120368,31.61049649,56.39348424,49.60179961,0.882913425,0.796558379,0.882464714,0.05770407,1.212942597,-2.653941949
553884.7876,5645514.401,26.7099808,43023.93,4.097102587,29.33398235,15.19457786,54.12120368,31.71049649,56.39348424,49.60179961,0.882913425,0.796558379,0.882464714,0.05770407,1.212942597,-2.653941949
553884.9258,5645514.193,26.7221288,43023.83,4.346828917,29.33398235,15.39457786,54.32120368,31.91049649,56.29348424,49.80179961,0.882913425,0.806558379,0.872464714,0.06770407,1.222942597,-2.633941949
553885.0522,5645514.003,26.7327968,43023.72,4.575032686,29.43398235,15.49457786,54.32120368,32.21049649,55.99348424,49.70179961,0.882913425,0.796558379,0.872464714,0.05770407,1.252942597,-2.613941949
553885.18,5645513.811,26.7413848,43023.62,4.805677087,29.63398235,15.69457786,54.12120368,32.61049649,55.69348424,49.60179961,0.882913425,0.796558379,0.872464714,0.05770407,1.272942597,-2.623941949
553885.3198,5645513.602,26.7468397,43023.52,5.057122986,29.73398235,15.89457786,53.62120368,32.81049649,55.39348424,49.40179961,0.882913425,0.796558379,0.872464714,0.03770407,1.252942597,-2.673941949
553885.4354,5645513.43,26.7499208,43023.42,5.264360434,29.73398235,16.09457786,53.42120368,32.91049649,54.99348424,49.00179961,0.882913425,0.796558379,0.872464714,0.02770407,1.242942597,-2.713941949
553885.5515,5645513.258,26.75,43023.32,5.471877204,29.73398235,16.19457786,53.22120368,32.91049649,54.69348424,48.80179961,0.882913425,0.796558379,0.872464714,0.02770407,1.242942597,-2.743941949
553885.6931,5645513.049,26.75,43023.22,5.724328309,29.63398235,16.09457786,53.12120368,32.81049649,54.59348424,48.80179961,0.882913425,0.796558379,0.872464714,0.02770407,1.262942597,-2.753941949
553885.8101,5645512.877,26.75,43023.12,5.932349942,29.53398235,15.99457786,53.12120368,32.61049649,54.69348424,48.60179961,0.882913425,0.796558379,0.872464714,0.03770407,1.272942597,-2.763941949
553885.9392,5645512.687,26.75,43023.03,6.162060216,29.43398235,16.09457786,53.12120368,32.31049649,54.99348424,48.30179961,0.882913425,0.796558379,0.872464714,0.03770407,1.252942597,-2.763941949
553886.0786,5645512.484,26.75,43022.92,6.408314881,29.23398235,15.99457786,53.12120368,31.91049649,55.49348424,48.00179961,0.882913425,0.786558379,0.882464714,0.02770407,1.202942597,-2.783941949
553886.197,5645512.311,26.75,43022.82,6.617951615,29.13398235,15.69457786,53.12120368,31.51049649,56.09348424,47.60179961,0.892913425,0.786558379,0.882464714,0.01770407,1.182942597,-2.823941949
553886.3384,5645512.106,26.75,43022.71,6.866987676,29.03398235,15.29457786,53.32120368,31.21049649,56.79348424,47.30179961,0.892913425,0.786558379,0.882464714,0.00770407,1.202942597,-2.853941949
553886.4777,5645511.905,26.75,43022.61,7.111539286,28.83398235,14.99457786,53.62120368,31.01049649,57.39348424,47.40179961,0.892913425,0.796558379,0.882464714,0.00770407,1.232942597,-2.883941949
553886.6207,5645511.7,26.75,43022.51,7.361487281,28.73398235,14.79457786,54.02120368,30.91049649,57.79348424,47.90179961,0.892913425,0.796558379,0.872464714,0.01770407,1.232942597,-2.893941949
553886.7123,5645511.569,26.75,43022.43,7.521335834,28.73398235,14.79457786,54.02120368,30.91049649,57.99348424,48.50179961,0.892913425,0.796558379,0.872464714,0.01770407,1.232942597,-2.883941949
553886.8387,5645511.389,26.75,43022.35,7.741283464,28.83398235,14.89457786,53.92120368,31.01049649,57.89348424,48.80179961,0.892913425,0.796558379,0.872464714,0.01770407,1.222942597,-2.873941949
553886.9744,5645511.197,26.7509457,43022.24,7.976397245,28.93398235,14.99457786,53.82120368,31.31049649,57.69348424,49.00179961,0.882913425,0.796558379,0.872464714,0.01770407,1.222942597,-2.863941949
553887.0913,5645511.032,26.7558968,43022.15,8.178611513,28.93398235,15.19457786,53.72120368,31.71049649,57.29348424,48.80179961,0.882913425,0.796558379,0.872464714,0.02770407,1.212942597,-2.853941949
553887.2019,5645510.877,26.7634848,43022.06,8.369025167,29.03398235,15.19457786,53.42120368,32.21049649,56.69348424,48.60179961,0.882913425,0.796558379,0.872464714,0.02770407,1.212942597,-2.813941949
553887.3722,5645510.638,26.7733928,43021.93,8.662492525,29.03398235,15.79457786,52.92120368,32.51049649,55.89348424,48.80179961,0.882913425,0.796558379,0.872464714,0.01770407,1.222942597,-2.783941949
553887.4955,5645510.466,26.7850208,43021.83,8.874121658,29.13398235,15.99457786,52.72120368,32.61049649,55.39348424,48.90179961,0.882913425,0.796558379,0.872464714,0.01770407,1.232942597,-2.793941949
553887.6328,5645510.275,26.7977688,43021.73,9.109349824,29.43398235,16.09457786,52.62120368,32.61049649,55.19348424,48.60179961,0.882913425,0.796558379,0.882464714,0.02770407,1.222942597,-2.823941949
553887.8006,5645510.042,26.8110368,43021.62,9.39648366,29.53398235,16.19457786,52.72120368,32.51049649,55.09348424,47.90179961,0.882913425,0.796558379,0.872464714,0.03770407,1.242942597,-2.813941949
553887.9129,5645509.886,26.8242248,43021.52,9.588700439,29.43398235,16.09457786,52.92120368,32.21049649,55.19348424,47.50179961,0.882913425,0.796558379,0.872464714,0.03770407,1.262942597,-2.783941949
553888.0765,5645509.659,26.8379231,43021.42,9.868511018,29.23398235,15.99457786,53.12120368,32.01049649,55.49348424,47.50179961,0.882913425,0.796558379,0.872464714,0.04770407,1.252942597,-2.743941949
553888.2031,5645509.483,26.8458464,43021.32,10.08531406,29.13398235,15.59457786,53.32120368,31.91049649,55.79348424,47.80179961,0.882913425,0.796558379,0.872464714,0.04770407,1.232942597,-2.733941949
553888.3544,5645509.273,26.854,43021.22,10.34414159,29.23398235,15.29457786,53.62120368,31.81049649,56.09348424,48.20179961,0.882913425,0.796558379,0.872464714,0.03770407,1.242942597,-2.733941949
553888.4551,5645509.133,26.865,43021.13,10.5165959,29.33398235,15.09457786,53.92120368,31.71049649,56.59348424,48.60179961,0.882913425,0.796558379,0.872464714,0.03770407,1.232942597,-2.733941949
553888.5848,5645508.952,26.875,43021.06,10.73926851,29.03398235,15.19457786,54.02120368,31.61049649,56.69348424,48.90179961,0.882913425,0.796558379,0.872464714,0.03770407,1.212942597,-2.753941949
553888.6483,5645508.864,26.875,43021.02,10.84778694,29.03398235,15.29457786,53.92120368,31.61049649,56.69348424,48.90179961,0.882913425,0.796558379,0.862464714,0.03770407,1.212942597,-2.753941949
553888.7237,5645508.759,26.885,43020.97,10.97705473,29.03398235,15.19457786,53.52120368,31.51049649,56.59348424,49.10179961,0.882913425,0.796558379,0.862464714,0.02770407,1.192942597,-2.763941949
553888.7671,5645508.698,26.885,43020.94,11.05191834,29.03398235,15.19457786,53.32120368,31.41049649,56.59348424,49.10179961,0.882913425,0.796558379,0.862464714,0.02770407,1.192942597,-2.763941949
553888.851,5645508.581,26.895,43020.88,11.19589129,29.03398235,15.19457786,53.42120368,31.41049649,56.49348424,49.00179961,0.882913425,0.796558379,0.862464714,0.03770407,1.202942597,-2.753941949
553888.986,5645508.393,26.906,43020.78,11.42734106,29.03398235,15.19457786,53.42120368,31.51049649,56.19348424,48.80179961,0.882913425,0.796558379,0.872464714,0.03770407,1.222942597,-2.733941949
553889.094,5645508.243,26.906,43020.7,11.61217613,28.93398235,15.29457786,53.12120368,31.61049649,55.69348424,49.10179961,0.882913425,0.796558379,0.872464714,0.05770407,1.242942597,-2.713941949
553889.2067,5645508.085,26.916,43020.62,11.8062516,28.93398235,15.49457786,52.72120368,31.51049649,55.89348424,49.20179961,0.882913425,0.796558379,0.872464714,0.06770407,1.242942597,-2.663941949
553889.32,5645507.927,26.925,43020.54,12.00067611,29.03398235,15.59457786,52.62120368,31.61049649,55.99348424,49.30179961,0.882913425,0.796558379,0.872464714,0.05770407,1.252942597,-2.623941949
553889.4003,5645507.815,26.925,43020.47,12.1384879,29.03398235,15.59457786,52.82120368,31.61049649,55.89348424,49.30179961,0.882913425,0.796558379,0.872464714,0.05770407,1.232942597,-2.623941949
553890.0066,5645506.967,26.9719241,43020.05,13.18093871,29.13398235,15.69457786,53.02120368,32.11049649,54.69348424,49.10179961,0.882913425,0.796558379,0.872464714,0.03770407,1.242942597,-2.703941949
553890.1718,5645506.736,26.9849711,43019.93,13.46493174,29.03398235,15.59457786,53.02120368,32.31049649,54.09348424,48.80179961,0.882913425,0.806558379,0.872464714,0.03770407,1.242942597,-2.723941949
553890.3138,5645506.537,26.9996,43019.82,13.70940055,29.13398235,15.69457786,52.92120368,32.41049649,54.09348424,48.80179961,0.882913425,0.796558379,0.872464714,0.03770407,1.242942597,-2.723941949
553890.4724,5645506.315,27.0125,43019.72,13.98223376,29.23398235,15.79457786,52.62120368,32.41049649,54.09348424,48.80179961,0.882913425,0.796558379,0.862464714,0.02770407,1.242942597,-2.723941949
553890.6032,5645506.131,27.0244,43019.62,14.20798725,29.13398235,15.79457786,52.32120368,32.31049649,53.79348424,48.30179961,0.882913425,0.796558379,0.872464714,0.02770407,1.252942597,-2.733941949
553890.7684,5645505.899,27.0327968,43019.52,14.49279428,28.83398235,15.79457786,51.92120368,31.91049649,53.69348424,47.50179961,0.882913425,0.796558379,0.872464714,0.02770407,1.262942597,-2.753941949
553890.9185,5645505.689,27.0458375,43019.42,14.75092217,28.43398235,15.39457786,51.52120368,31.41049649,53.89348424,46.40179961,0.892913425,0.796558379,0.882464714,0.02770407,1.252942597,-2.773941949
553891.0477,5645505.507,27.0458375,43019.32,14.97411859,28.13398235,15.19457786,51.22120368,30.81049649,54.19348424,45.50179961,0.892913425,0.796558379,0.882464714,0.02770407,1.242942597,-2.773941949
553891.1784,5645505.324,27.0493016,43019.22,15.19899965,27.73398235,15.19457786,51.02120368,30.11049649,54.39348424,44.90179961,0.892913425,0.796558379,0.882464714,0.01770407,1.222942597,-2.783941949
553891.3343,5645505.104,27.05,43019.11,15.46863794,27.23398235,14.49457786,50.72120368,29.31049649,54.89348424,44.30179961,0.892913425,0.796558379,0.882464714,0.00770407,1.222942597,-2.803941949
553891.4475,5645504.945,27.05,43019.04,15.66381796,26.83398235,13.99457786,50.42120368,28.31049649,55.89348424,43.70179961,0.892913425,0.796558379,0.872464714,0.00770407,1.232942597,-2.853941949
553891.553,5645504.797,27.05,43018.96,15.84557123,26.83398235,13.99457786,50.22120368,27.21049649,57.39348424,43.40179961,0.892913425,0.796558379,0.872464714,0.00770407,1.252942597,-2.893941949
553891.713,5645504.572,27.05,43018.85,16.12165998,25.93398235,13.39457786,50.42120368,26.31049649,58.89348424,43.50179961,0.892913425,0.796558379,0.872464714,0.00770407,1.262942597,-2.903941949
553891.8752,5645504.344,27.05,43018.75,16.40146856,25.63398235,12.89457786,50.92120368,25.61049649,59.99348424,43.90179961,0.892913425,0.796558379,0.872464714,0.00770407,1.262942597,-2.913941949
553892.0249,5645504.133,27.05,43018.65,16.66017899,25.63398235,12.39457786,51.42120368,25.51049649,60.59348424,44.50179961,0.892913425,0.796558379,0.872464714,0.01770407,1.252942597,-2.923941949
553892.1876,5645503.904,27.05,43018.55,16.94109231,25.73398235,11.89457786,51.72120368,25.81049649,60.79348424,45.10179961,0.892913425,0.796558379,0.872464714,0.01770407,1.252942597,-2.923941949
553892.3445,5645503.682,27.05,43018.44,17.21294081,26.13398235,12.19457786,51.82120368,26.61049649,60.59348424,46.00179961,0.882913425,0.806558379,0.872464714,0.02770407,1.232942597,-2.903941949
553892.4771,5645503.495,27.05,43018.34,17.44218252,26.33398235,12.59457786,51.82120368,27.41049649,60.59348424,47.00179961,0.882913425,0.806558379,0.872464714,0.04770407,1.232942597,-2.853941949
553892.6184,5645503.295,27.05,43018.25,17.68706145,26.53398235,12.59457786,51.82120368,28.21049649,60.09348424,47.60179961,0.882913425,0.806558379,0.862464714,0.05770407,1.242942597,-2.793941949
553892.7816,5645503.065,27.0515471,43018.14,17.9690796,26.93398235,13.29457786,51.82120368,28.81049649,59.19348424,47.80179961,0.882913425,0.806558379,0.862464714,0.05770407,1.252942597,-2.723941949
553892.9087,5645502.884,27.0515471,43018.05,18.19024789,26.93398235,13.29457786,52.12120368,29.31049649,58.29348424,48.00179961,0.882913425,0.806558379,0.862464714,0.05770407,1.262942597,-2.653941949
553893.1387,5645502.558,27.0643811,43017.91,18.58921656,27.93398235,13.69457786,52.82120368,29.61049649,58.19348424,48.60179961,0.882913425,0.806558379,0.862464714,0.04770407,1.242942597,-2.653941949
553893.2975,5645502.333,27.0744881,43017.81,18.86461162,28.33398235,13.79457786,53.72120368,29.71049649,59.19348424,49.30179961,0.882913425,0.796558379,0.872464714,0.04770407,1.232942597,-2.703941949
553893.4372,5645502.134,27.0825864,43017.71,19.10775168,28.73398235,13.89457786,54.52120368,29.81049649,59.99348424,50.20179961,0.882913425,0.796558379,0.882464714,0.03770407,1.232942597,-2.753941949
553893.5987,5645501.905,27.0951584,43017.6,19.38797169,29.13398235,14.09457786,55.32120368,30.31049649,59.99348424,50.20179961,0.882913425,0.796558379,0.882464714,0.04770407,1.232942597,-2.753941949
553893.7355,5645501.71,27.1097037,43017.5,19.62617169,29.63398235,14.39457786,56.12120368,31.21049649,60.29348424,51.20179961,0.882913425,0.806558379,0.882464714,0.04770407,1.242942597,-2.753941949
553893.8847,5645501.498,27.1229267,43017.4,19.88541026,30.13398235,14.89457786,56.42120368,32.41049649,59.99348424,52.10179961,0.882913425,0.806558379,0.872464714,0.04770407,1.272942597,-2.723941949
553894.0295,5645501.292,27.1343144,43017.32,20.13720987,30.43398235,15.59457786,56.42120368,33.51049649,59.29348424,52.80179961,0.882913425,0.806558379,0.862464714,0.04770407,1.282942597,-2.673941949
553894.1225,5645501.159,27.1447625,43017.25,20.29949973,30.73398235,15.59457786,56.22120368,34.31049649,58.49348424,53.20179961,0.882913425,0.806558379,0.862464714,0.04770407,1.292942597,-2.653941949
553894.284,5645500.929,27.1563384,43017.15,20.58053754,31.13398235,16.99457786,56.12120368,34.81049649,57.49348424,53.50179961,0.882913425,0.806558379,0.862464714,0.04770407,1.292942597,-2.663941949
553894.4111,5645500.748,27.1693987,43017.06,20.80170582,31.13398235,16.99457786,56.12120368,35.21049649,56.59348424,53.80179961,0.882913425,0.806558379,0.862464714,0.03770407,1.282942597,-2.693941949
553894.6289,5645500.438,27.1956247,43016.93,21.18056839,31.83398235,17.19457786,56.52120368,35.51049649,55.79348424,54.20179961,0.882913425,0.796558379,0.862464714,0.02770407,1.242942597,-2.783941949
553894.7642,5645500.245,27.1956247,43016.83,21.41626966,32.03398235,17.09457786,56.92120368,35.81049649,55.69348424,54.20179961,0.882913425,0.806558379,0.862464714,0.02770407,1.222942597,-2.783941949
553894.8952,5645500.059,27.2087077,43016.73,21.64377131,32.13398235,17.09457786,56.92120368,35.91049649,55.69348424,53.70179961,0.882913425,0.806558379,0.862464714,0.02770407,1.222942597,-2.813941949
553895.0399,5645499.853,27.2221288,43016.63,21.89551342,32.13398235,17.19457786,56.62120368,36.01049649,55.79348424,53.20179961,0.882913425,0.806558379,0.862464714,0.02770407,1.212942597,-2.813941949
553895.1981,5645499.628,27.2327968,43016.52,22.17056294,31.73398235,17.19457786,56.12120368,35.81049649,55.69348424,52.50179961,0.882913425,0.806558379,0.862464714,0.02770407,1.232942597,-2.783941949
553895.3706,5645499.383,27.2472928,43016.42,22.47019813,31.33398235,17.19457786,55.42120368,35.51049649,55.29348424,51.90179961,0.892913425,0.796558379,0.872464714,0.02770407,1.232942597,-2.753941949
553895.5158,5645499.178,27.2496864,43016.32,22.72141127,30.83398235,16.99457786,54.92120368,35.01049649,54.79348424,51.20179961,0.892913425,0.796558379,0.872464714,0.01770407,1.242942597,-2.773941949
553895.6743,5645498.954,27.25,43016.22,22.99581654,30.23398235,16.79457786,54.52120368,34.41049649,54.39348424,50.30179961,0.892913425,0.796558379,0.872464714,0.01770407,1.262942597,-2.843941949
553895.7995,5645498.778,27.25,43016.12,23.21180505,29.63398235,16.49457786,53.82120368,33.81049649,54.19348424,49.10179961,0.882913425,0.796558379,0.872464714,0.02770407,1.262942597,-2.893941949
553895.918,5645498.611,27.25,43016.03,23.41657627,29.03398235,16.19457786,52.52120368,33.01049649,53.99348424,47.40179961,0.882913425,0.806558379,0.872464714,0.02770407,1.252942597,-2.863941949
553896.1026,5645498.351,27.25,43015.91,23.73544483,28.23398235,15.79457786,51.12120368,31.91049649,53.89348424,45.80179961,0.882913425,0.806558379,0.872464714,0.03770407,1.262942597,-2.813941949
553896.2321,5645498.169,27.25,43015.81,23.95881504,27.23398235,15.19457786,50.22120368,30.61049649,53.89348424,44.80179961,0.882913425,0.806558379,0.882464714,0.03770407,1.282942597,-2.803941949
553896.3752,5645497.967,27.25,43015.71,24.20636627,26.43398235,14.59457786,49.72120368,29.21049649,53.99348424,44.00179961,0.882913425,0.796558379,0.882464714,0.03770407,1.292942597,-2.793941949
553896.5214,5645497.761,27.25,43015.61,24.45897355,25.83398235,14.09457786,49.02120368,28.11049649,54.09348424,43.20179961,0.892913425,0.796558379,0.882464714,0.03770407,1.292942597,-2.773941949
553896.6304,5645497.607,27.25,43015.54,24.64764522,25.33398235,14.09457786,48.02120368,27.41049649,54.19348424,42.10179961,0.892913425,0.796558379,0.892464714,0.03770407,1.272942597,-2.763941949
553896.7851,5645497.388,27.25,43015.44,24.91577409,24.83398235,13.69457786,47.12120368,26.91049649,53.89348424,40.90179961,0.892913425,0.796558379,0.892464714,0.01770407,1.252942597,-2.783941949
553896.9253,5645497.188,27.25,43015.33,25.16001995,24.43395471,13.49457786,46.22120368,26.41049649,53.29348424,39.90179961,0.892913708,0.796558379,0.882464714,0.00770407,1.262942597,-2.813941949
553897.0511,5645497.008,27.2528,43015.23,25.37962332,23.93393959,13.49457786,45.12094992,25.71047681,52.4934667,39.0016747,0.882913708,0.796558379,0.88246527,-0.002296388,1.282934321,-2.863958048
553897.204,5645496.789,27.2528,43015.14,25.6467177,23.23393959,13.39451783,43.92069058,24.9104646,51.89339852,38.10136823,0.882913708,0.786558303,0.882465871,-0.002296649,1.282902723,-2.903997398
553897.3075,5645496.64,27.2604,43015.05,25.8281378,22.33393959,13.39451783,42.82055572,24.2104646,51.39337666,36.90136823,0.882913708,0.786558303,0.88246614,0.007703351,1.272891396,-2.933997398
553897.4799,5645496.391,27.2716,43014.94,26.13099545,21.43393959,12.79451783,42.02055572,23.4104646,50.99337666,35.70136823,0.882913708,0.796558303,0.88246614,0.017703351,1.262891396,-2.913997398
553897.6247,5645496.181,27.2852,43014.83,26.38607787,20.73393959,11.09451783,41.22055572,22.3104646,50.59337666,34.70136823,0.892913708,0.796558303,0.88246614,0.027703351,1.262891396,-2.863997398
553897.7491,5645496,27.3,43014.73,26.60570565,20.13393959,10.49451783,40.32055572,21.0104646,50.19337666,33.80136823,0.882913708,0.796558303,0.88246614,0.037703351,1.262891396,-2.773997398
553897.9042,5645495.775,27.3148,43014.63,26.87898391,19.33393959,10.09451783,39.32055572,20.0104646,49.79337666,32.80136823,0.882913708,0.796558303,0.88246614,0.037703351,1.252891396,-2.723997398
553898.0563,5645495.553,27.3284,43014.53,27.1480906,18.73393959,9.79451783,38.72055572,19.4104646,49.69337666,31.70136823,0.882913708,0.796558303,0.88246614,0.037703351,1.252891396,-2.733997398
553898.1891,5645495.36,27.3405418,43014.42,27.38236574,18.23393959,9.49451783,38.42055572,18.8104646,49.59337666,30.80136823,0.882913708,0.806558303,0.88246614,0.027703351,1.262891396,-2.773997398
553898.3266,5645495.16,27.3466362,43014.32,27.62507184,17.83393959,9.19451783,37.92055572,18.3104646,49.29337666,30.40136823,0.892913708,0.806558303,0.88246614,0.037703351,1.262891396,-2.793997398
553898.4736,5645494.946,27.35,43014.22,27.88469657,17.53393959,8.99451783,37.32055572,17.9104646,48.79337666,30.20136823,0.892913708,0.806558303,0.88246614,0.037703351,1.272891396,-2.783997398
553898.611,5645494.747,27.35,43014.12,28.12652245,17.33393959,8.89451783,36.92055572,17.5104646,48.39337666,29.70136823,0.892913708,0.806558303,0.88246614,0.047703351,1.252891396,-2.733997398
553898.7446,5645494.553,27.35,43014.04,28.36207491,17.03393959,8.69451783,36.52055572,17.3104646,48.09337666,29.30136823,0.892913708,0.806558303,0.88246614,0.047703351,1.242891396,-2.703997398
553898.8736,5645494.366,27.35,43013.93,28.58925325,16.83393959,8.59451783,36.12055572,17.1104646,47.79337666,29.00136823,0.892913708,0.796558303,0.88246614,0.047703351,1.252891396,-2.733997398
553898.9967,5645494.187,27.35,43013.86,28.80649646,16.63393959,8.49451783,35.72055572,17.0104646,47.19337666,28.80136823,0.892913708,0.796558303,0.88246614,0.027703351,1.252891396,-2.793997398
553899.1461,5645493.971,27.35,43013.76,29.06912997,16.53393959,8.49451783,35.42055572,16.9104646,46.69337666,28.70136823,0.892913708,0.796558303,0.88246614,0.017703351,1.242891396,-2.843997398
553899.2729,5645493.787,27.35,43013.65,29.29258967,16.63393959,8.49451783,35.42055572,16.9104646,46.39337666,28.70136823,0.892913708,0.796558303,0.88246614,0.017703351,1.242891396,-2.873997398
553899.4292,5645493.561,27.35,43013.55,29.56737266,16.63393959,8.69451783,35.42055572,16.8104646,46.69337666,28.50136823,0.892913708,0.796558303,0.88246614,0.027703351,1.232891396,-2.883997398
553899.5723,5645493.354,27.35,43013.45,29.81902045,16.03393959,9.09451783,35.02055572,16.6104646,46.69337666,28.20136823,0.892913708,0.816558303,0.87246614,0.037703351,1.232891396,-2.883997398
553899.7123,5645493.152,27.35,43013.34,30.0647927,15.53393959,9.09451783,34.52055572,16.3104646,46.69337666,27.90136823,0.882913708,0.816558303,0.86246614,0.047703351,1.222891396,-2.853997398
553899.8734,5645492.92,27.35,43013.24,30.3472413,15.43393959,8.69451783,34.52055572,16.1104646,46.39337666,27.90136823,0.882913708,0.816558303,0.86246614,0.067703351,1.222891396,-2.783997398
553900.01,5645492.724,27.3536456,43013.15,30.58614622,15.53393959,7.69451783,34.52055572,15.7104646,46.09337666,27.70136823,0.882913708,0.806558303,0.87246614,0.067703351,1.212891396,-2.693997398
553900.1236,5645492.56,27.3536456,43013.06,30.785648,15.53393959,7.69451783,34.32055572,15.4104646,45.99337666,27.50136823,0.882913708,0.806558303,0.87246614,0.067703351,1.222891396,-2.633997398
553900.3775,5645492.196,27.3702125,43012.9,31.22945112,15.43393959,7.49451783,34.02055572,15.2104646,45.89337666,27.30136823,0.882913708,0.806558303,0.87246614,0.057703351,1.222891396,-2.613997398
553900.494,5645492.029,27.3767279,43012.8,31.43307148,15.13393959,7.49451783,33.72055572,15.0104646,45.99337666,27.50136823,0.882913708,0.806558303,0.87246614,0.057703351,1.222891396,-2.653997398
553900.6534,5645491.8,27.3887549,43012.7,31.71208646,14.83393959,7.29451783,33.72055572,14.8104646,46.09337666,27.40136823,0.882913708,0.806558303,0.87246614,0.047703351,1.222891396,-2.683997398
553900.8093,5645491.577,27.4110368,43012.6,31.98417801,14.83393959,7.19451783,34.02055572,14.7104646,46.09337666,27.40136823,0.882913708,0.806558303,0.87246614,0.047703351,1.222891396,-2.683997398
553900.9563,5645491.367,27.4216224,43012.5,32.24051567,15.03393959,7.09451783,34.32055572,14.6104646,46.09337666,27.20136823,0.882913708,0.806558303,0.87246614,0.047703351,1.242891396,-2.703997398
553901.1044,5645491.155,27.4318496,43012.4,32.49912273,15.33393959,6.99451783,34.32055572,14.5104646,46.49337666,27.20136823,0.882913708,0.806558303,0.87246614,0.037703351,1.252891396,-2.703997398
553901.2385,5645490.963,27.4402629,43012.3,32.73331669,15.43393959,6.89451783,34.32055572,14.5104646,46.89337666,27.00136823,0.882913708,0.806558303,0.88246614,0.037703351,1.252891396,-2.713997398
553901.405,5645490.725,27.4510099,43012.19,33.02377538,15.43393959,6.89451783,34.52055572,14.5104646,46.89337666,26.90136823,0.882913708,0.806558303,0.88246614,0.047703351,1.272891396,-2.713997398
553901.5062,5645490.581,27.4644703,43012.11,33.19977947,15.53393959,6.89451783,34.82055572,14.6104646,46.59337666,26.90136823,0.882913708,0.806558303,0.88246614,0.047703351,1.282891396,-2.703997398
553901.5683,5645490.492,27.4644703,43012.06,33.30830324,15.53393959,6.89451783,34.82055572,14.6104646,46.19337666,26.90136823,0.882913708,0.806558303,0.88246614,0.047703351,1.272891396,-2.703997398
553901.7636,5645490.214,27.4823217,43011.94,33.6480474,16.13393959,6.99451783,34.82055572,14.6104646,46.19337666,26.90136823,0.892913708,0.806558303,0.88246614,0.047703351,1.262891396,-2.673997398
553901.9135,5645490,27.4956247,43011.83,33.90932505,16.33393959,7.09451783,35.02055572,14.6104646,47.09337666,27.00136823,0.882913708,0.806558303,0.88246614,0.037703351,1.262891396,-2.673997398
553902.0434,5645489.814,27.4956247,43011.73,34.13619508,16.33393959,7.09451783,35.52055572,14.7104646,47.09337666,27.00136823,0.882913708,0.806558303,0.88246614,0.027703351,1.262891396,-2.713997398
553902.2029,5645489.587,27.5221288,43011.62,34.4136284,16.43393959,7.09451783,36.02055572,14.9104646,47.69337666,26.80136823,0.892913708,0.806558303,0.88246614,0.027703351,1.272891396,-2.763997398
553902.364,5645489.358,27.5221288,43011.52,34.69361806,16.63393959,7.19451783,36.42055572,15.1104646,48.19337666,26.70136823,0.892913708,0.806558303,0.88246614,0.027703351,1.262891396,-2.783997398
553902.4939,5645489.173,27.5221288,43011.42,34.91966896,16.93393959,7.29451783,36.72055572,15.4104646,48.69337666,27.00136823,0.882913708,0.806558303,0.89246614,0.037703351,1.252891396,-2.763997398
553902.6258,5645488.986,27.5221288,43011.32,35.14850648,17.13393959,7.29451783,37.12055572,15.5104646,49.29337666,27.50136823,0.882913708,0.796558303,0.89246614,0.037703351,1.262891396,-2.743997398
553902.8025,5645488.735,27.4645152,43011.22,35.45546558,17.43393959,7.29451783,37.62055572,15.5104646,49.69337666,27.70136823,0.882913708,0.796558303,0.89246614,0.037703351,1.282891396,-2.733997398
553902.9397,5645488.54,27.4768192,43011.12,35.69389553,17.63393959,7.39451783,37.92055572,15.6104646,50.19337666,27.80136823,0.882913708,0.806558303,0.88246614,0.037703351,1.322891396,-2.743997398
553903.0681,5645488.358,27.4910432,43011.03,35.91662981,17.63393959,7.39451783,38.22055572,15.8104646,50.79337666,28.00136823,0.882913708,0.806558303,0.88246614,0.047703351,1.342891396,-2.743997398
553903.3162,5645488.007,27.55,43010.86,36.34646072,18.13393959,7.79451783,38.62055572,16.1104646,51.49337666,28.80136823,0.882913708,0.806558303,0.88246614,0.057703351,1.292891396,-2.663997398
553903.4443,5645487.826,27.55,43010.78,36.56820519,18.33393959,7.89451783,38.92055572,16.2104646,51.49337666,28.80136823,0.882913708,0.806558303,0.88246614,0.067703351,1.272891396,-2.663997398
553903.5295,5645487.705,27.55,43010.72,36.71619181,18.43393959,8.09451783,39.12055572,16.3104646,51.49337666,29.00136823,0.892913708,0.806558303,0.87246614,0.057703351,1.272891396,-2.623997398
553903.5825,5645487.63,27.55,43010.68,36.80802862,18.53393959,8.19451783,39.32055572,16.5104646,51.49337666,29.00136823,0.892913708,0.796558303,0.87246614,0.047703351,1.272891396,-2.623997398
553903.6261,5645487.568,27.55,43010.65,36.88382414,18.63393959,8.29451783,39.62055572,16.5104646,51.49337666,29.00136823,0.892913708,0.796558303,0.87246614,0.047703351,1.272891396,-2.623997398
553903.6752,5645487.499,27.55,43010.62,36.96851068,18.63393959,8.29451783,39.92055572,16.8104646,51.69337666,29.00136823,0.892913708,0.796558303,0.88246614,0.027703351,1.272891396,-2.613997398
553903.7363,5645487.412,27.55,43010.59,37.07482253,18.93393959,8.19451783,40.22055572,17.0104646,51.69337666,29.00136823,0.892913708,0.796558303,0.88246614,0.007703351,1.272891396,-2.613997398
553903.8701,5645487.223,27.55,43010.49,37.30638989,19.03393959,8.19451783,40.52055572,16.9104646,52.49337666,29.20136823,0.892913708,0.796558303,0.88246614,0.017703351,1.282891396,-2.703997398
553904.021,5645487.009,27.55,43010.4,37.56824254,19.13393959,8.19451783,40.92055572,16.7104646,54.09337666,30.20136823,0.892913708,0.796558303,0.88246614,0.017703351,1.312891396,-2.843997398
553904.1321,5645486.851,27.55,43010.32,37.76139328,19.23393959,8.19451783,41.32055572,16.5104646,54.89337666,30.20136823,0.892913708,0.796558303,0.87246614,0.017703351,1.302891396,-2.833997398
553904.2459,5645486.69,27.55,43010.24,37.95855169,20.13393959,8.19451783,41.72055572,16.3104646,55.89337666,30.00136823,0.892913708,0.796558303,0.88246614,0.017703351,1.302891396,-2.833997398
553904.3721,5645486.51,27.55,43010.16,38.17838445,21.03393959,8.19451783,42.42055572,16.3104646,57.19337666,30.40136823,0.882913708,0.796558303,0.89246614,0.007703351,1.302891396,-2.853997398
553904.4829,5645486.353,27.55,43010.09,38.3705449,21.43393959,8.09451783,43.32055572,16.4104646,58.29337666,31.10136823,0.882913708,0.796558303,0.89246614,0.007703351,1.302891396,-2.883997398
553904.5947,5645486.194,27.5518176,43010.02,38.5649163,23.03393959,8.09451783,44.12055572,16.7104646,59.39337666,31.60136823,0.882913708,0.796558303,0.88246614,0.017703351,1.302891396,-2.903997398
553904.643,5645486.125,27.5518176,43009.99,38.64914153,23.03393959,8.09451783,44.82055572,16.7104646,59.39337666,32.20136823,0.882913708,0.796558303,0.88246614,0.017703351,1.302891396,-2.923997398
553904.7569,5645485.963,27.5518176,43009.92,38.84717489,25.43393959,8.09451783,45.72055572,17.4104646,60.69337666,36.90136823,0.882913708,0.806558303,0.89246614,0.027703351,1.292891396,-2.813997398
553904.839,5645485.846,27.5576874,43009.87,38.99010638,26.83393959,8.19451783,46.92055572,17.4104646,60.69337666,36.90136823,0.882913708,0.806558303,0.89246614,0.027703351,1.292891396,-2.813997398
553904.9216,5645485.729,27.5576874,43009.82,39.13332565,28.33393959,8.49451783,48.32055572,18.8104646,62.39337666,39.30136823,0.882913708,0.806558303,0.89246614,0.027703351,1.302891396,-2.823997398
553905.0046,5645485.61,27.5691296,43009.77,39.27841183,28.33393959,8.89451783,49.92055572,19.8104646,64.09337666,41.70136823,0.882913708,0.806558303,0.88246614,0.027703351,1.312891396,-2.833997398
553905.0712,5645485.516,27.5691296,43009.73,39.39361409,28.33393959,9.59451783,51.72055572,19.8104646,65.59337666,44.40136823,0.882913708,0.806558303,0.88246614,0.027703351,1.302891396,-2.823997398
553905.1379,5645485.42,27.5823456,43009.69,39.51051101,28.33393959,11.69451783,53.62055572,23.7104646,65.59337666,47.10136823,0.882913708,0.816558303,0.88246614,0.047703351,1.302891396,-2.773997398
553905.188,5645485.349,27.5823456,43009.66,39.59740755,28.33393959,11.69451783,55.42055572,23.7104646,66.69337666,49.50136823,0.882913708,0.816558303,0.88246614,0.047703351,1.302891396,-2.683997398
553905.2381,5645485.278,27.5823456,43009.63,39.6843041,28.33393959,11.69451783,57.02055572,26.3104646,67.29337666,49.50136823,0.882913708,0.816558303,0.87246614,0.057703351,1.302891396,-2.683997398
553905.5871,5645484.78,27.6118976,43009.42,40.29242004,21.32345665,11.69451783,58.82055572,31.3104646,64.99337666,54.80136823,0.892421675,0.816558303,0.87246614,0.077703351,1.342891396,-2.543997398
553906.9915,5645482.768,27.65,43008.55,42.74608737,32.23393959,14.19451783,61.22055572,33.3104646,68.14460698,56.59414376,0.882913708,0.806558303,0.87246614,0.077703351,1.360472115,-2.619449398
553907.1522,5645482.536,27.65,43008.45,43.02830801,34.4331178,15.29451783,64.31651822,35.31036941,68.14460698,56.59414376,0.88291499,0.806558303,0.87243,0.057751838,1.360472115,-2.619449398
553907.3386,5645482.267,27.65,43008.35,43.35557848,36.5247869,16.29451783,67.68370107,37.10857724,68.14460698,56.59414376,0.882919707,0.806500604,0.87218836,0.037852051,1.360472115,-2.619449398
553907.4966,5645482.038,27.65,43008.25,43.63379602,38.32192495,17.19451783,70.77584677,38.70826381,71.15864541,59.17424882,0.89291999,0.806500604,0.872112391,0.017863999,1.339714915,-2.699744353
553907.6681,5645481.789,27.65,43008.16,43.93614227,40.02192495,17.99451783,73.47584677,40.10826381,74.56033344,62.37424882,0.89291999,0.806500604,0.872112391,-0.002136001,1.329647585,-2.789744353
553907.8247,5645481.562,27.65,43008.07,44.21191855,41.42192495,18.49451783,75.77584677,41.50826381,77.76033344,65.37424882,0.89291999,0.796500604,0.872112391,-0.002136001,1.319647585,-2.869744353
553908.0834,5645481.185,27.6515471,43007.92,44.66914354,43.32192495,19.59451783,77.57584677,43.00826381,81.86033344,70.07424882,0.88291999,0.806500604,0.882112391,0.007863999,1.339647585,-2.919744353
553908.2177,5645480.99,27.6565341,43007.83,44.90591662,43.32192495,19.59451783,78.67584677,44.10826381,83.16033344,71.77424882,0.88291999,0.806500604,0.882112391,0.027863999,1.339647585,-2.889744353
553908.4317,5645480.677,27.6643811,43007.72,45.28508017,44.52192495,20.89451783,79.27584677,44.90826381,84.06033344,72.97424882,0.88291999,0.806500604,0.882112391,0.037863999,1.359647585,-2.859744353
553908.5642,5645480.484,27.6744881,43007.62,45.51918538,45.02192495,20.89451783,79.87584677,45.60826381,84.56033344,72.97424882,0.88291999,0.806500604,0.892112391,0.027863999,1.379647585,-2.859744353
553908.7561,5645480.204,27.6862551,43007.52,45.85863436,45.42192495,21.39451783,80.77584677,46.20826381,84.96033344,74.07424882,0.89291999,0.806500604,0.892112391,0.027863999,1.389647585,-2.809744353
553908.9121,5645479.977,27.6990821,43007.42,46.13407038,45.62192495,21.59451783,81.57584677,46.80826381,85.46033344,74.07424882,0.88291999,0.806500604,0.892112391,0.027863999,1.399647585,-2.809744353
553909.0988,5645479.705,27.7229267,43007.31,46.46398081,45.62192495,21.79451783,81.97584677,47.20826381,85.86033344,74.87424882,0.88291999,0.806500604,0.892112391,0.037863999,1.399647585,-2.799744353
553909.2423,5645479.496,27.7330875,43007.21,46.7175025,45.62192495,21.89451783,81.87584677,47.40826381,86.26033344,74.87424882,0.88291999,0.806500604,0.892112391,0.057863999,1.409647585,-2.799744353
553909.4007,5645479.266,27.7436616,43007.11,46.9967704,45.62192495,21.99451783,81.47584677,47.30826381,86.76033344,75.17424882,0.88291999,0.806500604,0.882112391,0.067863999,1.409647585,-2.729744353
553909.5438,5645479.058,27.7574557,43007.03,47.24924141,45.32192495,21.89451783,81.07584677,47.00826381,86.76033344,74.97424882,0.88291999,0.806500604,0.882112391,0.057863999,1.409647585,-2.649744353
553909.6567,5645478.895,27.7574557,43006.96,47.44752255,45.32192495,21.89451783,80.77584677,46.50826381,86.86033344,74.77424882,0.88291999,0.806500604,0.892112391,0.047863999,1.399647585,-2.619744353
553909.835,5645478.636,27.7693987,43006.86,47.76196156,44.92192495,21.69451783,80.57584677,45.90826381,87.06033344,74.67424882,0.88291999,0.806500604,0.892112391,0.037863999,1.389647585,-2.639744353
553909.9988,5645478.399,27.7823217,43006.75,48.05005779,44.62192495,21.29451783,80.17584677,45.30826381,88.16033344,74.07424882,0.88291999,0.806500604,0.892112391,0.037863999,1.379647585,-2.689744353
553910.1782,5645478.138,27.8087077,43006.65,48.36676801,43.92192495,20.99451783,79.57584677,44.80826381,88.66033344,73.27424882,0.88291999,0.806500604,0.882112391,0.047863999,1.399647585,-2.719744353
553910.3425,5645477.9,27.8221288,43006.55,48.6559712,43.32192495,20.29451783,78.77584677,44.10826381,89.06033344,71.57424882,0.89291999,0.806500604,0.882112391,0.057863999,1.399647585,-2.699744353
553910.507,5645477.66,27.8327968,43006.44,48.94693555,42.92192495,19.89451783,78.27584677,43.20826381,89.56033344,71.27424882,0.89291999,0.806500604,0.882112391,0.057863999,1.379647585,-2.679744353
553910.6343,5645477.475,27.8413848,43006.35,49.17150244,42.92192495,19.89451783,78.07584677,42.30826381,89.56033344,71.27424882,0.89291999,0.806500604,0.882112391,0.047863999,1.379647585,-2.679744353
553910.832,5645477.185,27.8472928,43006.24,49.52248006,42.62192495,19.29451783,78.17584677,41.90826381,90.06033344,71.57424882,0.89291999,0.806500604,0.892112391,0.037863999,1.389647585,-2.679744353
553910.9855,5645476.96,27.8498227,43006.14,49.79485343,42.62192495,19.29451783,78.37584677,42.10826381,89.56033344,72.37424882,0.89291999,0.806500604,0.892112391,0.037863999,1.409647585,-2.699744353
553911.1245,5645476.755,27.85,43006.06,50.04253468,42.62192495,19.29451783,78.67584677,42.90826381,89.56033344,73.17424882,0.89291999,0.806500604,0.892112391,0.047863999,1.409647585,-2.729744353
553911.3586,5645476.41,27.85,43005.91,50.4594613,43.22192495,20.29451783,78.77584677,43.90826381,86.86033344,73.07424882,0.88291999,0.806500604,0.882112391,0.057863999,1.409647585,-2.709744353
553911.5221,5645476.168,27.85,43005.81,50.75151652,43.42192495,20.89451783,78.37584677,44.50826381,86.06033344,72.87424882,0.88291999,0.806500604,0.892112391,0.057863999,1.399647585,-2.659744353
553911.6461,5645475.985,27.85,43005.71,50.97257081,43.62192495,20.89451783,77.97584677,44.70826381,85.76033344,72.67424882,0.89291999,0.806500604,0.892112391,0.057863999,1.389647585,-2.639744353
553911.813,5645475.738,27.85,43005.61,51.27067249,44.02192495,21.19451783,78.37584677,44.60826381,85.76033344,72.67424882,0.89291999,0.806500604,0.892112391,0.047863999,1.389647585,-2.639744353
553911.9802,5645475.49,27.85,43005.51,51.56977086,44.52192495,21.09451783,79.37584677,44.50826381,85.86033344,72.57424882,0.89291999,0.806500604,0.892112391,0.037863999,1.389647585,-2.639744353
553912.1199,5645475.284,27.85,43005.41,51.81867263,44.82192495,21.09451783,80.27584677,44.60826381,86.46033344,72.57424882,0.89291999,0.806500604,0.892112391,0.027863999,1.389647585,-2.689744353
553912.2945,5645475.027,27.85,43005.31,52.1293721,44.82192495,20.99451783,80.77584677,44.70826381,87.46033344,72.67424882,0.89291999,0.796500604,0.892112391,0.027863999,1.399647585,-2.759744353
553912.3989,5645474.873,27.85,43005.23,52.31542414,44.62192495,20.99451783,80.87584677,44.50826381,88.56033344,72.57424882,0.89291999,0.796500604,0.892112391,0.017863999,1.409647585,-2.819744353
553912.5038,5645474.719,27.8514014,43005.15,52.5017572,44.02192495,20.89451783,80.37584677,44.10826381,89.46033344,72.07424882,0.89291999,0.796500604,0.892112391,0.027863999,1.409647585,-2.859744353
553912.6458,5645474.51,27.8576874,43005.06,52.75443288,44.02192495,20.69451783,79.67584677,43.10826381,90.16033344,71.07424882,0.89291999,0.806500604,0.892112391,0.037863999,1.419647585,-2.879744353
553912.8268,5645474.245,27.8679334,43004.93,53.0753472,42.42192495,20.19451783,78.97584677,41.60826381,92.86033344,69.77424882,0.89291999,0.806500604,0.892112391,0.047863999,1.419647585,-2.859744353
553913.0017,5645473.989,27.8809394,43004.83,53.38538915,41.72192495,18.69451783,78.47584677,40.00826381,94.66033344,68.77424882,0.89291999,0.806500604,0.902112391,0.047863999,1.399647585,-2.809744353
553913.135,5645473.795,27.8955054,43004.73,53.62077158,41.52192495,17.99451783,78.47584677,38.90826381,94.66033344,68.57424882,0.89291999,0.806500604,0.902112391,0.037863999,1.399647585,-2.779744353
553913.2783,5645473.585,27.9104314,43004.63,53.87500551,41.42192495,17.99451783,79.07584677,38.50826381,96.16033344,68.97424882,0.89291999,0.806500604,0.892112391,0.037863999,1.389647585,-2.789744353
553913.4358,5645473.355,27.9258336,43004.53,54.15376392,41.42192495,17.79451783,79.57584677,38.60826381,97.26033344,69.97424882,0.89291999,0.806500604,0.892112391,0.037863999,1.399647585,-2.789744353
553913.5785,5645473.146,27.9376096,43004.42,54.40683365,41.62192495,18.29451783,79.27584677,39.40826381,97.16033344,71.27424882,0.89291999,0.806500604,0.892112391,0.037863999,1.409647585,-2.799744353
553913.749,5645472.896,27.9460256,43004.32,54.70943942,41.62192495,18.89451783,78.57584677,40.60826381,95.76033344,72.07424882,0.89291999,0.806500604,0.892112391,0.037863999,1.399647585,-2.819744353
553913.8927,5645472.685,27.9495328,43004.22,54.96472493,41.32192495,19.69451783,77.37584677,41.60826381,93.66033344,71.97424882,0.89291999,0.806500604,0.902112391,0.037863999,1.399647585,-2.819744353
553914.005,5645472.521,27.95,43004.12,55.16348933,40.92192495,19.69451783,76.07584677,42.20826381,91.56033344,71.57424882,0.89291999,0.806500604,0.902112391,0.037863999,1.419647585,-2.789744353
553914.1476,5645472.311,27.95,43004.03,55.41732936,40.92192495,20.19451783,75.17584677,42.20826381,89.66033344,71.17424882,0.89291999,0.806500604,0.892112391,0.037863999,1.429647585,-2.789744353
553914.2953,5645472.094,27.95,43003.92,55.67982563,41.32192495,19.99451783,75.17584677,42.00826381,88.06033344,70.67424882,0.89291999,0.796500604,0.882112391,0.027863999,1.429647585,-2.829744353
553914.4656,5645471.844,27.95,43003.82,55.98231875,41.62192495,19.79451783,75.67584677,41.80826381,87.06033344,69.97424882,0.89291999,0.796500604,0.882112391,0.017863999,1.439647585,-2.869744353
553914.5971,5645471.651,27.95,43003.72,56.21585943,41.62192495,19.69451783,76.17584677,41.60826381,86.86033344,69.57424882,0.89291999,0.796500604,0.882112391,0.007863999,1.439647585,-2.899744353
553914.7605,5645471.412,27.95,43003.61,56.50537724,41.42192495,19.59451783,76.27584677,41.50826381,87.16033344,69.47424882,0.89291999,0.806500604,0.892112391,0.017863999,1.419647585,-2.909744353
553914.892,5645471.22,27.95,43003.52,56.73809219,41.12192495,19.39451783,76.17584677,41.20826381,87.66033344,69.37424882,0.89291999,0.806500604,0.892112391,0.047863999,1.419647585,-2.879744353
553914.9986,5645471.065,27.95,43003.44,56.92621067,41.12192495,19.39451783,75.97584677,40.60826381,88.06033344,69.17424882,0.89291999,0.806500604,0.882112391,0.057863999,1.419647585,-2.799744353
553915.1314,5645470.873,27.95,43003.34,57.15966268,40.82192495,19.09451783,75.67584677,39.80826381,88.46033344,69.07424882,0.89291999,0.806500604,0.882112391,0.067863999,1.429647585,-2.699744353
553915.3109,5645470.615,27.95,43003.24,57.47396229,40.52192495,18.79451783,75.47584677,39.30826381,89.66033344,69.07424882,0.89291999,0.806500604,0.882112391,0.057863999,1.389647585,-2.619744353
553915.45,5645470.415,27.95,43003.14,57.71757841,40.32192495,18.39451783,75.57584677,38.90826381,89.66033344,68.67424882,0.89291999,0.806500604,0.892112391,0.057863999,1.389647585,-2.609744353
553915.5715,5645470.242,27.9522842,43003.05,57.92898146,40.02192495,18.19451783,75.57584677,38.70826381,90.16033344,68.27424882,0.89291999,0.806500604,0.892112391,0.057863999,1.389647585,-2.649744353
553915.7691,5645469.961,27.9594582,43002.93,58.27250258,39.82192495,18.29451783,75.17584677,38.60826381,90.16033344,67.77424882,0.89291999,0.806500604,0.892112391,0.057863999,1.459647585,-2.669744353
553915.9079,5645469.765,27.9703522,43002.83,58.51267218,39.72192495,18.39451783,74.57584677,38.50826381,90.16033344,67.37424882,0.89291999,0.806500604,0.902112391,0.057863999,1.459647585,-2.669744353
553916.093,5645469.503,27.9852,43002.73,58.83346185,39.72192495,18.29451783,74.37584677,38.40826381,89.36033344,67.17424882,0.89291999,0.796500604,0.902112391,0.057863999,1.459647585,-2.659744353
553916.214,5645469.332,27.9852,43002.63,59.04294216,39.72192495,18.29451783,74.57584677,38.50826381,89.36033344,67.17424882,0.89291999,0.796500604,0.902112391,0.047863999,1.459647585,-2.659744353
553916.369,5645469.114,28,43002.53,59.31042861,40.12192495,18.29451783,75.07584677,38.90826381,89.26033344,67.27424882,0.89291999,0.796500604,0.892112391,0.037863999,1.449647585,-2.699744353
553916.5555,5645468.85,28.0148,43002.43,59.63365956,40.62192495,18.59451783,75.57584677,39.50826381,88.36033344,67.67424882,0.89291999,0.796500604,0.892112391,0.027863999,1.399647585,-2.759744353
553916.7133,5645468.627,28.0284,43002.32,59.90684419,41.12192495,18.99451783,75.77584677,40.30826381,87.86033344,68.67424882,0.89291999,0.796500604,0.902112391,0.027863999,1.399647585,-2.849744353
553916.8819,5645468.388,28.0396,43002.22,60.19932831,41.52192495,19.39451783,75.97584677,41.00826381,87.76033344,68.67424882,0.89291999,0.796500604,0.902112391,0.037863999,1.419647585,-2.849744353
553917.0219,5645468.189,28.0466362,43002.12,60.44264086,41.82192495,19.69451783,76.27584677,41.40826381,87.96033344,68.97424882,0.89291999,0.796500604,0.902112391,0.027863999,1.429647585,-2.829744353
553917.136,5645468.026,28.0489632,43002.04,60.64160772,42.12192495,19.69451783,76.77584677,41.60826381,87.96033344,69.17424882,0.89291999,0.796500604,0.902112391,0.017863999,1.429647585,-2.799744353
553917.3131,5645467.773,28.05,43001.92,60.95043358,42.32192495,19.59451783,77.57584677,41.70826381,88.46033344,69.67424882,0.89291999,0.796500604,0.902112391,0.007863999,1.429647585,-2.809744353
553917.4895,5645467.521,28.05,43001.82,61.25803878,42.52192495,19.39451783,78.27584677,41.70826381,89.16033344,70.27424882,0.89291999,0.796500604,0.902112391,0.007863999,1.439647585,-2.849744353
553917.5902,5645467.376,28.05,43001.75,61.43457628,42.52192495,19.39451783,78.67584677,41.80826381,89.96033344,70.97424882,0.89291999,0.796500604,0.892112391,0.017863999,1.449647585,-2.889744353
553917.7728,5645467.114,28.05,43001.64,61.75392994,42.92181787,19.29451783,79.0755315,42.00826381,90.76074858,71.37424882,0.892919433,0.796500604,0.892106512,0.027868361,1.449634682,-2.899766828
553917.9301,5645466.887,28.05,43001.54,62.03010432,42.92163516,19.49451783,79.27540785,42.50826112,90.9614504,71.57424882,0.892918444,0.796500604,0.902103807,0.017870742,1.459612359,-2.879778006
553918.0815,5645466.669,28.05,43001.44,62.2955209,42.92163516,19.79451783,79.07540785,42.90826112,90.9614504,71.67424882,0.892918444,0.796500604,0.902103807,0.017870742,1.459612359,-2.859778006
553918.2795,5645466.382,28.05,43001.34,62.6441941,42.62163516,20.19451783,78.67540785,43.10826112,90.1614504,71.67424882,0.892918444,0.796500604,0.902103807,0.017870742,1.439612359,-2.829778006
553918.4476,5645466.137,28.05,43001.23,62.941318,42.72163516,20.19451783,78.57540785,42.90826112,90.0614504,71.47424882,0.882918444,0.796500604,0.902103807,0.017870742,1.429612359,-2.829778006
553918.6164,5645465.891,28.05,43001.14,63.2396625,42.92163516,20.09451783,78.57540785,42.70826112,89.8614504,70.97424882,0.882918444,0.796500604,0.902103807,0.027870742,1.429612359,-2.849778006
553918.7915,5645465.635,28.05,43001.04,63.54981731,42.92163516,19.99451783,78.47540785,42.50826112,89.8614504,70.37424882,0.882918444,0.796500604,0.902103807,0.027870742,1.449612359,-2.859778006
553918.9838,5645465.352,28.0515471,43000.91,63.89196975,42.92163516,19.99451783,78.37540785,42.30826112,90.1614504,69.57424882,0.882918444,0.796500604,0.892103807,0.027870742,1.469612359,-2.769778006
553919.1787,5645465.065,28.0643811,43000.81,64.23889195,42.92163516,19.99451783,78.07540785,42.10826112,90.5614504,69.27424882,0.882918444,0.806500604,0.892103807,0.047870742,1.469612359,-2.719778006
553919.3433,5645464.821,28.0744881,43000.71,64.53322027,42.92163516,19.99451783,78.07540785,41.70826112,90.6614504,69.27424882,0.892918444,0.806500604,0.892103807,0.047870742,1.459612359,-2.719778006
553919.5228,5645464.554,28.0862551,43000.6,64.8549488,43.02163516,19.99451783,78.37540785,41.50826112,90.6614504,69.37424882,0.892918444,0.796500604,0.892103807,0.037870742,1.459612359,-2.699778006
553919.6774,5645464.322,28.1057056,43000.5,65.13374113,43.22163516,19.99451783,78.77540785,41.90826112,90.6614504,69.37424882,0.892918444,0.796500604,0.892103807,0.007870742,1.469612359,-2.699778006
553919.8334,5645464.088,28.1203125,43000.4,65.41497412,43.12163516,19.99451783,78.77540785,42.40826112,90.7614504,69.67424882,0.882918444,0.796500604,0.902103807,-0.002129258,1.469612359,-2.779778006
553920.0127,5645463.817,28.1343144,43000.3,65.73991949,42.72163516,19.79451783,78.37540785,42.40826112,90.7614504,69.77424882,0.882918444,0.796500604,0.902103807,-0.002129258,1.479612359,-2.889778006
553920.1628,5645463.59,28.1447625,43000.2,66.01205734,42.22163516,19.29451783,78.07540785,41.70826112,90.9614504,69.57424882,0.882918444,0.806500604,0.912103807,0.027870742,1.489612359,-2.939778006
553920.3234,5645463.345,28.1574557,43000.11,66.30500334,41.82163516,18.79451783,77.67540785,40.70826112,91.9614504,68.77424882,0.882918444,0.806500604,0.912103807,0.057870742,1.479612359,-2.709778006
553920.3887,5645463.245,28.1693987,43000.06,66.42443571,41.42163516,18.79451783,77.57540785,39.40826112,91.9614504,68.77424882,0.892918444,0.806500604,0.902103807,0.087870742,1.479612359,-2.709778006
553920.5926,5645462.932,28.1823217,42999.93,66.79799188,41.12163516,18.29451783,77.87540785,38.40826112,95.2614504,68.47424882,0.892918444,0.806500604,0.902103807,0.097870742,1.459612359,-2.549778006
553920.723,5645462.73,28.1969528,42999.83,67.03842515,41.42163516,17.59451783,78.67540785,38.10826112,96.7614504,68.27424882,0.882918444,0.806500604,0.892103807,0.067870742,1.479612359,-2.469778006
553920.8901,5645462.472,28.2221288,42999.73,67.34581157,41.72163516,17.09451783,79.37540785,38.10826112,97.9614504,68.17424882,0.882918444,0.806500604,0.892103807,0.037870742,1.479612359,-2.499778006
553921.0444,5645462.232,28.2327968,42999.63,67.6311333,41.72163516,16.89451783,79.77540785,38.00826112,99.1614504,68.47424882,0.882918444,0.806500604,0.892103807,0.047870742,1.479612359,-2.629778006
553921.1664,5645462.042,28.2413848,42999.53,67.85692967,41.82163516,16.99451783,79.97540785,38.00826112,99.1614504,69.27424882,0.892918444,0.806500604,0.902103807,0.077870742,1.479612359,-2.709778006
553921.3236,5645461.797,28.2472928,42999.43,68.1480256,42.12163516,17.39451783,80.37540785,38.20826112,100.1614504,70.57424882,0.892918444,0.816500604,0.902103807,0.107870742,1.469612359,-2.659778006
553921.46,5645461.583,28.2496864,42999.32,68.40179904,42.92163516,17.69451783,81.37540785,38.90826112,100.7614504,72.27424882,0.892918444,0.806500604,0.912103807,0.097870742,1.459612359,-2.539778006
553921.5763,5645461.401,28.25,42999.22,68.61778443,44.02163516,18.39451783,82.77540785,40.30826112,100.6614504,73.97424882,0.892918444,0.796500604,0.912103807,0.047870742,1.459612359,-2.499778006
553921.7318,5645461.157,28.25,42999.12,68.90712204,45.12163516,19.59451783,83.97540785,42.30826112,99.8614504,75.27424882,0.892918444,0.786500604,0.912103807,-0.002129258,1.469612359,-2.639778006
553921.8261,5645461.009,28.25,42999.04,69.08261133,46.02163516,19.59451783,84.47540785,44.50826112,98.5614504,75.77424882,0.892918444,0.786500604,0.902103807,-0.022129258,1.479612359,-2.859778006
553921.9965,5645460.742,28.25,42998.91,69.3993528,46.72163516,22.29451783,84.27540785,46.20826112,97.4614504,75.87424882,0.892918444,0.796500604,0.912103807,-0.012129258,1.489612359,-3.019778006
553922.1138,5645460.558,28.25,42998.81,69.61756208,47.22163516,22.99451783,84.07540785,47.30826112,96.8614504,75.77424882,0.892918444,0.796500604,0.912103807,0.017870742,1.509612359,-3.089778006
553922.2565,5645460.335,28.25,42998.71,69.88231156,47.82163516,23.19451783,84.37540785,47.60826112,96.6614504,75.97424882,0.892918444,0.796500604,0.922103807,0.037870742,1.529612359,-3.059778006
553922.3853,5645460.136,28.25,42998.61,70.11935679,48.42163516,23.19451783,85.27540785,47.40826112,96.9614504,76.27424882,0.892918444,0.786500604,0.922103807,0.027870742,1.529612359,-2.949778006
553922.5213,5645459.926,28.25,42998.51,70.36954872,48.72163516,23.19451783,86.47540785,47.30826112,98.1614504,76.87424882,0.892918444,0.786500604,0.922103807,-0.002129258,1.519612359,-2.859778006
553922.6739,5645459.694,28.25,42998.41,70.64723696,48.72163516,23.29451783,87.87540785,47.50826112,99.9614504,77.67424882,0.892918444,0.776500604,0.912103807,-0.022129258,1.539612359,-2.859778006
553922.7308,5645459.608,28.25,42998.36,70.75035636,48.72163516,23.49451783,88.97540785,47.90826112,101.4614504,78.57424882,0.892918444,0.776500604,0.912103807,-0.032129258,1.559612359,-2.899778006
553922.8832,5645459.379,28.25,42998.25,71.02543227,48.92163516,23.59451783,89.07540785,48.20826112,102.3614504,79.27424882,0.902918444,0.776500604,0.912103807,-0.042129258,1.569612359,-3.019778006
553923.0352,5645459.154,28.2594582,42998.14,71.29696312,48.92163516,23.49451783,88.87540785,48.30826112,103.2614504,79.67424882,0.902918444,0.776500604,0.912103807,-0.042129258,1.569612359,-3.189778006
553923.1342,5645459.008,28.2594582,42998.05,71.47336323,48.82163516,23.49451783,88.87540785,48.20826112,103.8614504,79.87424882,0.892918444,0.776500604,0.912103807,-0.032129258,1.569612359,-3.259778006
553923.3057,5645458.758,28.2703522,42997.93,71.77653356,48.62163516,22.89451783,88.87540785,48.10826112,104.1614504,79.87424882,0.892918444,0.786500604,0.912103807,-0.012129258,1.569612359,-3.199778006
553923.4461,5645458.555,28.2852,42997.83,72.02335569,48.32163516,22.59451783,88.67540785,47.90826112,104.0614504,79.87424882,0.882918444,0.796500604,0.912103807,0.017870742,1.549612359,-3.039778006
553923.5721,5645458.374,28.3,42997.73,72.24389366,47.92163516,22.19451783,88.17540785,47.60826112,103.8614504,79.67424882,0.882918444,0.806500604,0.912103807,0.067870742,1.559612359,-2.829778006
553923.7388,5645458.135,28.3284,42997.62,72.53528668,47.22163516,21.59451783,87.47540785,47.00826112,103.5614504,79.27424882,0.882918444,0.806500604,0.912103807,0.107870742,1.559612359,-2.619778006
553923.8417,5645457.988,28.3284,42997.53,72.71472305,47.02163516,21.59451783,86.87540785,46.10826112,103.3614504,78.67424882,0.882918444,0.806500604,0.912103807,0.117870742,1.559612359,-2.469778006
553924.0138,5645457.742,28.3460256,42997.42,73.01494698,47.62163516,21.29451783,86.67540785,45.50826112,103.0614504,77.87424882,0.892918444,0.796500604,0.922103807,0.117870742,1.569612359,-2.359778006
553924.1577,5645457.536,28.3485986,42997.32,73.26623011,48.52163516,21.99451783,86.97540785,45.70826112,102.6614504,77.07424882,0.892918444,0.796500604,0.932103807,0.107870742,1.589612359,-2.319778006
553924.3154,5645457.31,28.35,42997.22,73.54181184,49.22163516,22.79451783,87.67540785,46.70826112,102.3614504,76.87424882,0.892918444,0.796500604,0.932103807,0.097870742,1.579612359,-2.359778006
553924.4514,5645457.115,28.35,42997.12,73.7795533,50.02163516,23.59451783,88.27540785,47.90826112,101.9614504,77.17424882,0.902918444,0.786500604,0.942103807,0.077870742,1.579612359,-2.429778006
553924.5519,5645456.971,28.35,42997.04,73.95515583,50.82163516,23.59451783,88.97540785,49.20826112,101.4614504,77.77424882,0.892918444,0.786500604,0.942103807,0.037870742,1.579612359,-2.539778006
553924.7027,5645456.755,28.35,42996.93,74.21858825,51.62163516,25.09451783,89.77540785,50.40826112,101.0614504,78.77424882,0.892918444,0.776500604,0.942103807,0.007870742,1.599612359,-2.679778006
553924.8628,5645456.526,28.35,42996.83,74.49800373,52.42163516,25.89451783,90.37540785,51.40826112,101.1614504,79.87424882,0.892918444,0.776500604,0.932103807,-0.012129258,1.619612359,-2.829778006
553924.9902,5645456.344,28.35,42996.73,74.72016304,53.32163516,26.59451783,90.87540785,52.30826112,101.3614504,81.07424882,0.892918444,0.776500604,0.932103807,-0.012129258,1.619612359,-2.969778006
553925.105,5645456.182,28.35,42996.65,74.9187154,54.02163516,27.19451783,91.67540785,53.10826112,101.7614504,82.47424882,0.902918444,0.776500604,0.942103807,-0.002129258,1.599612359,-3.029778006
553925.2403,5645455.991,28.35,42996.56,75.15278182,54.62163516,27.19451783,92.77540785,53.90826112,102.4614504,83.67424882,0.902918444,0.776500604,0.942103807,-0.002129258,1.599612359,-2.979778006
553925.3899,5645455.782,28.35,42996.46,75.40980548,55.22163516,27.49451783,94.07540785,54.90826112,103.2614504,84.97424882,0.902918444,0.776500604,0.942103807,-0.012129258,1.609612359,-2.929778006
553925.5235,5645455.596,28.35,42996.36,75.63881413,55.72163516,27.79451783,95.37540785,55.80826112,103.8614504,86.27424882,0.892918444,0.776500604,0.932103807,-0.022129258,1.619612359,-2.979778006
553925.6638,5645455.403,28.3626117,42996.26,75.87742069,56.12163516,27.89451783,96.27540785,56.50826112,104.3614504,87.57424882,0.892918444,0.776500604,0.932103807,-0.022129258,1.629612359,-3.039778006
553925.8145,5645455.198,28.3626117,42996.16,76.13185239,56.32163516,27.99451783,97.07540785,57.00826112,104.8614504,88.77424882,0.892918444,0.786500604,0.932103807,-0.012129258,1.629612359,-3.009778006
553925.939,5645455.03,28.3626117,42996.07,76.34095583,56.32163516,27.99451783,97.57540785,57.20826112,105.5614504,89.57424882,0.892918444,0.786500604,0.932103807,0.017870742,1.619612359,-2.969778006
553926.3042,5645454.542,28.4436616,42995.81,76.95047616,56.52163516,27.69451783,97.77540785,57.10826112,107.8614504,89.87424882,0.892918444,0.796500604,0.932103807,0.047870742,1.629612359,-2.639778006
553926.4634,5645454.332,28.4436616,42995.71,77.21399967,56.52163516,27.39451783,97.77540785,56.90826112,107.8614504,89.87424882,0.892918444,0.796500604,0.942103807,0.077870742,1.629612359,-2.639778006
553926.5992,5645454.154,28.4574557,42995.6,77.43788724,56.32163516,27.09451783,97.77540785,56.30826112,108.7614504,89.77424882,0.892918444,0.796500604,0.942103807,0.077870742,1.629612359,-2.549778006
553926.7441,5645453.964,28.4693987,42995.5,77.67683495,56.02163516,26.69451783,97.87540785,55.60826112,108.7614504,89.77424882,0.892918444,0.796500604,0.952103807,0.077870742,1.629612359,-2.549778006
553926.8682,5645453.801,28.4836448,42995.4,77.8817003,55.82163516,26.19451783,98.47540785,55.20826112,109.6614504,89.77424882,0.892918444,0.796500604,0.942103807,0.077870742,1.629612359,-2.539778006
553927.0062,5645453.621,28.4969528,42995.3,78.10851299,56.32163516,25.89451783,99.47540785,55.20826112,110.7614504,89.97424882,0.892918444,0.796500604,0.942103807,0.077870742,1.639612359,-2.569778006
553927.0928,5645453.508,28.4969528,42995.22,78.25088069,56.72163516,26.09451783,100.1754078,55.40826112,111.4614504,89.97424882,0.892918444,0.796500604,0.932103807,0.057870742,1.649612359,-2.569778006
553927.1895,5645453.382,28.5099808,42995.16,78.40971044,56.62163516,26.99451783,100.0754078,55.60826112,111.4614504,90.27424882,0.892918444,0.796500604,0.922103807,0.047870742,1.649612359,-2.589778006
553927.2362,5645453.322,28.5099808,42995.12,78.4857426,56.42163516,26.99451783,99.47540785,55.70826112,111.6614504,90.47424882,0.892918444,0.796500604,0.932103807,0.027870742,1.669612359,-2.599778006
553927.2658,5645453.283,28.5099808,42995.09,78.5347034,56.42163516,27.19451783,98.87540785,55.70826112,111.6614504,90.47424882,0.892918444,0.786500604,0.932103807,0.027870742,1.669612359,-2.599778006
553927.2881,5645453.254,28.5099808,42995.07,78.57128605,56.42163516,27.19451783,98.47540785,55.70826112,111.6614504,90.47424882,0.892918444,0.786500604,0.942103807,0.027870742,1.669612359,-2.599778006
553927.4468,5645453.049,28.5221288,42994.95,78.8305363,56.52163516,27.49451783,98.47540785,54.80826112,111.8614504,90.27424882,0.892918444,0.786500604,0.952103807,0.037870742,1.689612359,-2.619778006
553927.5262,5645452.946,28.5327968,42994.87,78.96058767,56.92163516,27.69451783,99.07540785,54.80826112,112.1614504,89.47424882,0.892918444,0.776500604,0.952103807,0.027870742,1.689612359,-2.709778006
553927.6526,5645452.783,28.5413848,42994.77,79.16685439,57.42163516,27.89451783,99.87540785,55.30826112,113.0614504,90.07424882,0.882918444,0.776500604,0.942103807,0.007870742,1.689612359,-2.819778006
553927.7602,5645452.644,28.5413848,42994.69,79.34263482,57.62163516,27.79451783,100.7754078,56.00826112,113.1614504,90.27424882,0.882918444,0.776500604,0.932103807,-0.012129258,1.699612359,-2.829778006
553927.8276,5645452.558,28.5477131,42994.62,79.45189945,57.62163516,27.49451783,101.6754078,56.00826112,113.1614504,90.27424882,0.882918444,0.776500604,0.932103807,-0.012129258,1.699612359,-2.829778006
553927.9105,5645452.452,28.5477131,42994.55,79.58646695,57.52163516,27.29451783,101.9754078,57.00826112,113.3614504,90.87424882,0.892918444,0.786500604,0.932103807,-0.022129258,1.709612359,-2.849778006
553927.9952,5645452.344,28.5498227,42994.48,79.72371887,57.42163516,27.19451783,101.8754078,57.20826112,113.4614504,90.87424882,0.892918444,0.786500604,0.932103807,-0.002129258,1.699612359,-2.849778006
553928.0684,5645452.25,28.5498227,42994.42,79.84285845,57.52163516,27.19451783,101.6754078,57.30826112,113.4614504,91.57424882,0.892918444,0.796500604,0.932103807,0.017870742,1.699612359,-2.899778006
553928.1532,5645452.143,28.55,42994.35,79.97938698,57.62163516,27.39451783,101.4754078,57.60826112,113.5614504,91.97424882,0.892918444,0.796500604,0.932103807,0.017870742,1.699612359,-2.939778006
553928.2127,5645452.067,28.55,42994.3,80.07590771,57.62163516,27.29451783,101.3754078,57.60826112,113.8614504,91.97424882,0.892918444,0.796500604,0.932103807,0.017870742,1.689612359,-2.939778006
553928.2823,5645451.979,28.55,42994.24,80.18810467,57.32163516,26.99451783,101.2754078,57.80826112,114.0614504,91.87424882,0.882918444,0.796500604,0.932103807,0.017870742,1.699612359,-2.869778006
553928.328,5645451.921,28.55,42994.2,80.26194565,57.42163516,26.79451783,101.0754078,57.60826112,113.9614504,91.87424882,0.882918444,0.796500604,0.932103807,0.017870742,1.699612359,-2.869778006
553928.3844,5645451.85,28.55,42994.15,80.35262068,57.52163516,26.49451783,101.1754078,57.00826112,113.9614504,91.77424882,0.882918444,0.806500604,0.932103807,0.027870742,1.699612359,-2.799778006
553928.4293,5645451.794,28.55,42994.11,80.42439818,57.12163516,26.49451783,101.2754078,56.60826112,113.6614504,91.97424882,0.892918444,0.806500604,0.922103807,0.037870742,1.699612359,-2.789778006
553928.4629,5645451.751,28.55,42994.08,80.47896887,57.12163516,26.49451783,101.4754078,56.50826112,113.6614504,91.97424882,0.892918444,0.806500604,0.922103807,0.047870742,1.699612359,-2.789778006
553928.5077,5645451.695,28.55,42994.04,80.55068386,57.12163516,26.49451783,101.3754078,56.20826112,113.7614504,92.57424882,0.892918444,0.806500604,0.932103807,0.057870742,1.699612359,-2.829778006
553928.5414,5645451.652,28.55,42994.01,80.60531618,57.12163516,26.49451783,101.0754078,55.80826112,114.0614504,92.67424882,0.892918444,0.806500604,0.932103807,0.067870742,1.709612359,-2.799778006
553928.873,5645451.238,28.55,42993.73,81.13574483,57.12163516,26.49451783,100.6754078,55.20826112,115.3614504,90.17424882,0.892918444,0.806500604,0.932103807,0.037870742,1.759612359,-2.649778006
553929.9161,5645449.974,28.5552887,42993.06,82.77457173,56.72163516,26.59451783,100.4754078,55.00826112,116.1614504,89.77424882,0.892918444,0.796500604,0.932103807,0.017870742,1.759612359,-2.809778006
553930.1129,5645449.744,28.5723147,42992.93,83.07727661,56.72163516,26.69451783,100.3754078,54.90826112,116.1614504,89.77424882,0.892918444,0.796500604,0.932103807,0.007870742,1.759612359,-2.809778006
553930.3124,5645449.513,28.5850208,42992.83,83.38249989,56.52163516,26.69451783,100.3754078,54.70826112,116.5614504,89.87424882,0.892918444,0.796500604,0.932103807,0.017870742,1.739612359,-2.839778006
553930.5218,5645449.273,28.6110368,42992.72,83.70100948,56.32163516,26.09451783,100.4754078,54.40826112,116.8614504,89.87424882,0.892918444,0.796500604,0.942103807,0.037870742,1.739612359,-2.839778006
553930.6577,5645449.119,28.6242248,42992.62,83.90639889,56.22163516,26.09451783,100.8754078,54.30826112,116.8614504,90.27424882,0.892918444,0.796500604,0.942103807,0.047870742,1.739612359,-2.809778006
553930.8371,5645448.918,28.6469127,42992.52,84.17581559,56.32163516,25.79451783,101.0754078,54.40826112,117.1614504,90.47424882,0.892918444,0.796500604,0.942103807,0.047870742,1.739612359,-2.719778006
553930.9963,5645448.741,28.6574557,42992.42,84.41387785,56.52163516,25.79451783,100.9754078,54.40826112,117.6614504,90.37424882,0.882918444,0.796500604,0.952103807,0.047870742,1.749612359,-2.629778006
553931.2072,5645448.509,28.6796875,42992.32,84.72741064,56.82163516,25.89451783,100.9754078,54.40826112,118.3614504,90.67424882,0.882918444,0.796500604,0.952103807,0.047870742,1.759612359,-2.579778006
553931.3661,5645448.337,28.6929625,42992.22,84.96157556,57.22163516,25.89451783,101.1754078,54.30826112,118.8614504,91.37424882,0.892918444,0.796500604,0.952103807,0.067870742,1.749612359,-2.569778006
553931.571,5645448.117,28.7186125,42992.11,85.2622149,57.82163516,26.19451783,101.8754078,54.70826112,119.3614504,92.17424882,0.892918444,0.796500604,0.952103807,0.067870742,1.749612359,-2.589778006
553931.7041,5645447.977,28.7308104,42992.03,85.45538738,58.62163516,26.19451783,103.1754078,55.60826112,119.3614504,92.97424882,0.892918444,0.796500604,0.952103807,0.067870742,1.749612359,-2.599778006
553931.9318,5645447.739,28.7458375,42991.91,85.78476754,59.52163516,27.19451783,104.3754078,56.90826112,119.3614504,93.87424882,0.892918444,0.796500604,0.952103807,0.067870742,1.739612359,-2.589778006
553932.1031,5645447.563,28.7493016,42991.81,86.03036822,60.42163516,27.89451783,105.0754078,58.10826112,119.3614504,94.57424882,0.892918444,0.796500604,0.952103807,0.067870742,1.749612359,-2.549778006
553932.2541,5645447.41,28.75,42991.71,86.24533333,61.12163516,28.49451783,105.6754078,59.00826112,119.4614504,95.27424882,0.892918444,0.796500604,0.952103807,0.067870742,1.779612359,-2.519778006
553932.415,5645447.249,28.75,42991.61,86.47295101,61.42163516,28.79451783,106.5754078,59.30826112,120.2614504,95.77424882,0.892918444,0.796500604,0.952103807,0.067870742,1.819612359,-2.509778006
553932.555,5645447.112,28.75,42991.53,86.66883108,61.62163516,28.79451783,107.5754078,59.30826112,121.6614504,96.27424882,0.892918444,0.796500604,0.952103807,0.057870742,1.829612359,-2.489778006
